{"A": 0.0020466418915279796, "B": 0.0010861564424337086, "C": 0.0012028509362489003, "D": 0.0008796969533760615, "E": 0.0009694619486185168, "F": 0.00026031848620312024, "G": 0.0006373314662214323, "H": 0.0014003339257823019, "I": 0.009577924992369976, "J": 0.00035008348144557547, "K": 0.00015260049191217394, "L": 0.0005116604728819949, "M": 0.0019119943986642969, "N": 0.0007450494605123786, "O": 0.0006193784671729412, "P": 0.0006104019676486958, "Q": 2.6929498572736575e-05, "R": 0.00029622448430010234, "S": 0.003114845334913197, "T": 0.00298917434157376, "U": 5.385899714547315e-05, "V": 0.0001077179942909463, "W": 0.0013913574262580564, "X": 8.976499524245525e-06, "Y": 0.0006283549666971867, "Z": 8.976499524245525e-06, "a": 0.0775479793899571, "b": 0.015269025690741638, "c": 0.020942173390064812, "d": 0.04308719771637852, "e": 0.11766395576381035, "f": 0.018823719502342868, "g": 0.019667510457621946, "h": 0.05672250049370747, "i": 0.05660580599989228, "j": 0.0008078849571820973, "k": 0.009102170517584962, "l": 0.03991849338431985, "m": 0.024460961203569057, "n": 0.06473851456885872, "o": 0.06906518733954507, "p": 0.015538320676469004, "q": 0.0008527674548033249, "r": 0.05079801080770543, "s": 0.05839212940521714, "t": 0.08453169601982011, "u": 0.02535861115599361, "v": 0.008482792050412021, "w": 0.0219654943358288, "x": 0.0017145114091308953, "y": 0.01941616847094307, "z": 0.0008437909552790793, "0": 0.00011669449381519183, "1": 0.00027827148525161127, "2": 0.00018850649000915604, "3": 0.00016157699143641945, "4": 0.00012567099333943735, "5": 0.00011669449381519183, "6": 4.4882497621227626e-05, "7": 2.6929498572736575e-05, "8": 3.59059980969821e-05, "9": 0.0002872479847758568, "!": 0.00027827148525161127, "\"": 0.00035008348144557547, "#": 0.0, "$": 0.0, "%": 0.0, "&": 2.6929498572736575e-05, "'": 0.010960305919103786, "(": 0.00027827148525161127, ")": 0.0002692949857273658, "*": 0.0, "+": 0.0, ",": 0.013294195795407623, "-": 0.0038688712949498214, ".": 0.01307875980682573, "/": 2.6929498572736575e-05, ":": 0.0004488249762122763, ";": 0.0007450494605123786, "<": 0.0, "=": 0.0, ">": 0.0, "?": 0.0010682034433852174, "@": 0.0, "[": 8.976499524245525e-06, "\\": 0.0, "]": 8.976499524245525e-06, "^": 0.0, "_": 0.0, "`": 0.0, "{": 0.0, "|": 0.0, "}": 0.0, "~": 0.0}