{"a": 0.07629063097514341, "b": 0.013734862970044615, "c": 0.01947100063734863, "d": 0.04461440407903123, "e": 0.12807520713830464, "f": 0.01255576800509879, "g": 0.01959847036328872, "h": 0.07074569789674952, "i": 0.05525812619502868, "j": 0.00022307202039515615, "k": 0.010420650095602295, "l": 0.03773103887826641, "m": 0.019662205226258764, "n": 0.05315487571701721, "o": 0.06819630337794774, "p": 0.009655831739961759, "q": 0.0011790949649458254, "r": 0.047705544933078395, "s": 0.054079031230082855, "t": 0.09292543021032505, "u": 0.02721478648820905, "v": 0.0058954748247291265, "w": 0.01889738687061823, "x": 0.0007966857871255577, "y": 0.017367750159337156, "z": 0.00025493945188017844, "0": 9.560229445506692e-05, "1": 3.1867431485022305e-05, "2": 3.1867431485022305e-05, "3": 3.1867431485022305e-05, "4": 3.1867431485022305e-05, "5": 3.1867431485022305e-05, "6": 3.1867431485022305e-05, "7": 0.0, "8": 3.1867431485022305e-05, "9": 0.0, "!": 0.004939451880178458, "\"": 0.0004780114722753346, "#": 0.0, "$": 0.0, "%": 0.0, "&": 0.0, "'": 0.03919694072657744, "(": 0.0, ")": 0.0, "*": 0.0, "+": 0.0, ",": 0.015232632249840663, "-": 0.0018483110261312938, ".": 0.02804333970681963, "/": 9.560229445506692e-05, ":": 0.00025493945188017844, ";": 9.560229445506692e-05, "<": 0.0, "=": 0.0, ">": 0.0, "?": 0.0037922243467176544, "@": 0.0, "[": 0.0, "\\": 0.0, "]": 0.0, "^": 0.0, "_": 0.0, "`": 0.0, "{": 0.0, "|": 0.0, "}": 0.0, "~": 0.0}