{"A": 0.0075095371121324085, "B": 0.0016520981646691297, "C": 0.0028235859541617856, "D": 0.0025232044696764894, "E": 0.0012916403832867742, "F": 0.0005106485236250038, "G": 0.00021026703913970744, "H": 0.0034543870715809076, "I": 0.008711063050073593, "J": 0.0, "K": 0.001561983719323541, "L": 9.01144453455889e-05, "M": 0.002853624102610315, "N": 0.0012015259379411854, "O": 0.0015319455708750112, "P": 0.001231564086389715, "Q": 0.0015319455708750112, "R": 0.0015920218677720705, "S": 0.005196599681595627, "T": 0.006668468955573578, "U": 9.01144453455889e-05, "V": 9.01144453455889e-05, "W": 0.0039049592983088524, "X": 3.0038148448529632e-05, "Y": 0.0011114114925955963, "Z": 3.0038148448529632e-05, "a": 0.07191132738577995, "b": 0.01294644198131627, "c": 0.018353308702051607, "d": 0.04205340782794149, "e": 0.1207233186146406, "f": 0.011835030488720675, "g": 0.018473461295845723, "h": 0.06668468955573578, "i": 0.052086149409750385, "j": 0.00021026703913970744, "k": 0.00982247454266919, "l": 0.03556516776305908, "m": 0.018533537592742785, "n": 0.050103631612147426, "o": 0.06428163767985341, "p": 0.009101558979904478, "q": 0.0011114114925955963, "r": 0.04496710822744886, "s": 0.05097473791715479, "t": 0.08759124087591241, "u": 0.025652578775044305, "v": 0.005557057462977982, "w": 0.017812622029978072, "x": 0.0007509537112132408, "y": 0.01637079090444865, "z": 0.00024030518758823706, "0": 9.01144453455889e-05, "1": 3.0038148448529632e-05, "2": 3.0038148448529632e-05, "3": 3.0038148448529632e-05, "4": 3.0038148448529632e-05, "5": 3.0038148448529632e-05, "6": 3.0038148448529632e-05, "7": 0.0, "8": 3.0038148448529632e-05, "9": 0.0, "!": 0.004655913009522093, "\"": 0.00045057222672794447, "#": 0.0, "$": 0.0, "%": 0.0, "&": 0.0, "'": 0.036946922591691446, "(": 0.0, ")": 0.0, "*": 0.0, "+": 0.0, ",": 0.014358234958397165, "-": 0.0017422126100147188, ".": 0.026433570634706076, "/": 9.01144453455889e-05, ":": 0.00024030518758823706, ";": 9.01144453455889e-05, "<": 0.0, "=": 0.0, ">": 0.0, "?": 0.003574539665375026, "@": 0.0, "[": 0.0, "\\": 0.0, "]": 0.0, "^": 0.0, "_": 0.0, "`": 0.0, "{": 0.0, "|": 0.0, "}": 0.0, "~": 0.0}