{"A": 0.0, "a": 0.07959462128148508, "B": 0.0, "b": 0.01635518213317535, "C": 0.0, "c": 0.02214502432631371, "D": 0.0, "d": 0.043966894669754585, "E": 0.0, "e": 0.11863341771242886, "F": 0.0, "f": 0.019084037988545986, "G": 0.0, "g": 0.020304841923843377, "H": 0.0, "h": 0.058122834419489774, "I": 0.0, "i": 0.06618373099226225, "J": 0.0, "j": 0.0011579684386276727, "K": 0.0, "k": 0.009254771009497136, "L": 0.0, "l": 0.04043015385720185, "M": 0.0, "m": 0.026372955602233353, "N": 0.0, "n": 0.06548356402937111, "O": 0.0, "o": 0.06968456580671802, "P": 0.0, "p": 0.0161487226441177, "Q": 0.0, "q": 0.0008796969533760615, "R": 0.0, "r": 0.05109423529200553, "S": 0.0, "s": 0.06150697474013034, "T": 0.0, "t": 0.08752087036139387, "U": 0.0, "u": 0.02541247015313908, "V": 0.0, "v": 0.008590510044702968, "W": 0.0, "w": 0.023356851762086857, "X": 0.0, "x": 0.0017234879086551408, "Y": 0.0, "y": 0.02004452343764026, "Z": 0.0, "z": 0.0008527674548033249, "0": 0.00011669449381519183, "1": 0.00027827148525161127, "2": 0.00018850649000915604, "3": 0.00016157699143641945, "4": 0.00012567099333943735, "5": 0.00011669449381519183, "6": 4.4882497621227626e-05, "7": 2.6929498572736575e-05, "8": 3.59059980969821e-05, "9": 0.0002872479847758568, "!": 0.00027827148525161127, "\"": 0.00035008348144557547, "#": 0.0, "$": 0.0, "%": 0.0, "&": 2.6929498572736575e-05, "'": 0.010960305919103786, "(": 0.00027827148525161127, ")": 0.0002692949857273658, "*": 0.0, "+": 0.0, ",": 0.013294195795407623, "-": 0.0038688712949498214, ".": 0.01307875980682573, "/": 2.6929498572736575e-05, ":": 0.0004488249762122763, ";": 0.0007450494605123786, "<": 0.0, "=": 0.0, ">": 0.0, "?": 0.0010682034433852174, "@": 0.0, "[": 8.976499524245525e-06, "\\": 0.0, "]": 8.976499524245525e-06, "^": 0.0, "_": 0.0, "`": 0.0, "{": 0.0, "|": 0.0, "}": 0.0, "~": 0.0}