{"a": 0.07959462128148508, "b": 0.01635518213317535, "c": 0.02214502432631371, "d": 0.043966894669754585, "e": 0.11863341771242886, "f": 0.019084037988545986, "g": 0.020304841923843377, "h": 0.058122834419489774, "i": 0.06618373099226225, "j": 0.0011579684386276727, "k": 0.009254771009497136, "l": 0.04043015385720185, "m": 0.026372955602233353, "n": 0.06548356402937111, "o": 0.06968456580671802, "p": 0.0161487226441177, "q": 0.0008796969533760615, "r": 0.05109423529200553, "s": 0.06150697474013034, "t": 0.08752087036139387, "u": 0.02541247015313908, "v": 0.008590510044702968, "w": 0.023356851762086857, "x": 0.0017234879086551408, "y": 0.02004452343764026, "z": 0.0008527674548033249, "0": 0.00011669449381519183, "1": 0.00027827148525161127, "2": 0.00018850649000915604, "3": 0.00016157699143641945, "4": 0.00012567099333943735, "5": 0.00011669449381519183, "6": 4.4882497621227626e-05, "7": 2.6929498572736575e-05, "8": 3.59059980969821e-05, "9": 0.0002872479847758568, "!": 0.00027827148525161127, "\"": 0.00035008348144557547, "#": 0.0, "$": 0.0, "%": 0.0, "&": 2.6929498572736575e-05, "'": 0.010960305919103786, "(": 0.00027827148525161127, ")": 0.0002692949857273658, "*": 0.0, "+": 0.0, ",": 0.013294195795407623, "-": 0.0038688712949498214, ".": 0.01307875980682573, "/": 2.6929498572736575e-05, ":": 0.0004488249762122763, ";": 0.0007450494605123786, "<": 0.0, "=": 0.0, ">": 0.0, "?": 0.0010682034433852174, "@": 0.0, "[": 8.976499524245525e-06, "\\": 0.0, "]": 8.976499524245525e-06, "^": 0.0, "_": 0.0, "`": 0.0, "{": 0.0, "|": 0.0, "}": 0.0, "~": 0.0}